z,XCH4,XCO,XCO2,XH2,XH2O,XO2,Tboth,Tgas,Tsolid
-0.1,0.4993908,0,0.5006092,0,0,0,922.8437,922.8437,0
-0.0992993,0.4993908,0,0.5006092,0,0,0,922.8026,922.8026,0
-0.0985986,0.4993908,0,0.5006092,0,0,0,922.8261,922.8261,0
-0.0978979,0.4993908,0,0.5006092,0,0,0,922.7572,922.7572,0
-0.0971972,0.4993908,0,0.5006092,0,0,0,922.6911,922.6911,0
-0.0964965,0.4993908,0,0.5006092,0,0,0,922.7389,922.7389,0
-0.0957958,0.4993908,0,0.5006092,0,0,0,922.7068,922.7068,0
-0.0950951,0.4993908,0,0.5006092,0,0,0,922.6142,922.6142,0
-0.0943944,0.4993908,0,0.5006092,0,0,0,922.6883,922.6883,0
-0.09369369,0.4993908,0,0.5006092,0,0,0,922.6925,922.6925,0
-0.09299299,0.4993908,0,0.5006092,0,0,0,922.5363,922.5363,0
-0.09229229,0.4993908,0,0.5006092,0,0,0,922.5625,922.5625,0
-0.09159159,0.4993908,0,0.5006092,0,0,0,922.652,922.652,0
-0.09089089,0.4993908,0,0.5006092,0,0,0,922.5668,922.5668,0
-0.09019019,0.4993908,0,0.5006092,0,0,0,922.5495,922.5495,0
-0.08948949,0.4993908,0,0.5006092,0,0,0,922.6171,922.6171,0
-0.08878879,0.4993908,0,0.5006092,0,0,0,922.5174,922.5174,0
-0.08808809,0.4993908,0,0.5006092,0,0,0,922.6251,922.6251,0
-0.08738739,0.4993908,0,0.5006092,0,0,0,922.637,922.637,0
-0.08668669,0.4993908,0,0.5006092,0,0,0,922.4946,922.4946,0
-0.08598599,0.4993908,0,0.5006092,0,0,0,922.6124,922.6124,0
-0.08528529,0.4993908,0,0.5006092,0,0,0,922.5824,922.5824,0
-0.08458459,0.4993908,0,0.5006092,0,0,0,922.4915,922.4915,0
-0.08388389,0.4993908,0,0.5006092,0,0,0,922.6465,922.6465,0
-0.08318319,0.4993908,0,0.5006092,0,0,0,922.7468,922.7468,0
-0.08248248,0.4993908,0,0.5006092,0,0,0,922.7343,922.7343,0
-0.08178178,0.4993908,0,0.5006092,0,0,0,922.6363,922.6363,0
-0.08108108,0.4993908,0,0.5006092,0,0,0,922.6668,922.6668,0
-0.08038038,0.4993908,0,0.5006092,0,0,0,922.7049,922.7049,0
-0.07967968,0.4993908,0,0.5006092,0,0,0,922.6121,922.6121,0
-0.07897898,0.4993908,0,0.5006092,0,0,0,922.7321,922.7321,0
-0.07827828,0.4993908,0,0.5006092,0,0,0,922.7483,922.7483,0
-0.07757758,0.4993908,0,0.5006092,0,0,0,922.6323,922.6323,0
-0.07687688,0.4993908,0,0.5006092,0,0,0,922.7347,922.7347,0
-0.07617618,0.4993908,0,0.5006092,0,0,0,922.6881,922.6881,0
-0.07547548,0.4993908,0,0.5006092,0,0,0,922.5809,922.5809,0
-0.07477478,0.4993908,0,0.5006092,0,0,0,922.627,922.627,0
-0.07407408,0.4993908,0,0.5006092,0,0,0,922.5381,922.5381,0
-0.07337338,0.4993908,0,0.5006092,0,0,0,922.5323,922.5323,0
-0.07267268,0.4993908,0,0.5006092,0,0,0,922.5722,922.5722,0
-0.07197198,0.4993908,0,0.5006092,0,0,0,922.4584,922.4584,0
-0.07127128,0.4993908,0,0.5006092,0,0,0,922.3666,922.3666,0
-0.07057057,0.4993908,0,0.5006092,0,0,0,922.3881,922.3881,0
-0.06986987,0.4993908,0,0.5006092,0,0,0,922.2736,922.2736,0
-0.06916917,0.4993908,0,0.5006092,0,0,0,922.2117,922.2117,0
-0.06846847,0.4993908,0,0.5006092,0,0,0,922.3154,922.3154,0
-0.06776777,0.4993908,0,0.5006092,0,0,0,922.2749,922.2749,0
-0.06706707,0.4993908,0,0.5006092,0,0,0,922.2458,922.2458,0
-0.06636637,0.4993908,0,0.5006092,0,0,0,922.2183,922.2183,0
-0.06566567,0.4993908,0,0.5006092,0,0,0,922.2009,922.2009,0
-0.06496497,0.4993908,0,0.5006092,0,0,0,922.1554,922.1554,0
-0.06426427,0.4993908,0,0.5006092,0,0,0,922.1609,922.1609,0
-0.06356357,0.4993908,0,0.5006092,0,0,0,922.159,922.159,0
-0.06286287,0.4993908,0,0.5006092,0,0,0,922.0111,922.0111,0
-0.06216217,0.4993908,0,0.5006092,0,0,0,922.0448,922.0448,0
-0.06146147,0.4993908,0,0.5006092,0,0,0,922.1367,922.1367,0
-0.06076077,0.4993908,0,0.5006092,0,0,0,922.0462,922.0462,0
-0.06006007,0.4993908,0,0.5006092,0,0,0,922.0074,922.0074,0
-0.05935937,0.4993908,0,0.5006092,0,0,0,922.0669,922.0669,0
-0.05865866,0.4993908,0,0.5006092,0,0,0,921.9269,921.9269,0
-0.05795796,0.4993908,0,0.5006092,0,0,0,921.9164,921.9164,0
-0.05725726,0.4993908,0,0.5006092,0,0,0,921.8683,921.8683,0
-0.05655656,0.4993908,0,0.5006092,0,0,0,921.7366,921.7366,0
-0.05585586,0.4993908,0,0.5006092,0,0,0,921.7483,921.7483,0
-0.05515516,0.4993908,0,0.5006092,0,0,0,921.7182,921.7182,0
-0.05445446,0.4993908,0,0.5006092,0,0,0,921.4869,921.4869,0
-0.05375376,0.4993908,0,0.5006092,0,0,0,921.5057,921.5057,0
-0.05305306,0.4993908,0,0.5006092,0,0,0,921.4893,921.4893,0
-0.05235236,0.4993908,0,0.5006092,0,0,0,921.4072,921.4072,0
-0.05165166,0.4993908,0,0.5006092,0,0,0,921.5541,921.5541,0
-0.05095096,0.4993908,0,0.5006092,0,0,0,921.5009,921.5009,0
-0.05025026,0.4993908,0,0.5006092,0,0,0,921.4282,921.4282,0
-0.04954956,0.4993908,0,0.5006092,0,0,0,921.3205,921.3205,0
-0.04884886,0.4993908,0,0.5006092,0,0,0,921.3138,921.3138,0
-0.04814816,0.4993908,0,0.5006092,0,0,0,921.2582,921.2582,0
-0.04744745,0.4993908,0,0.5006092,0,0,0,921.0564,921.0564,0
-0.04674675,0.4993908,0,0.5006092,0,0,0,920.9986,920.9986,0
-0.04604605,0.4993908,0,0.5006092,0,0,0,920.8755,920.8755,0
-0.04534535,0.4993908,0,0.5006092,0,0,0,920.7184,920.7184,0
-0.04464465,0.4993908,0,0.5006092,0,0,0,920.7083,920.7083,0
-0.04394395,0.4993908,0,0.5006092,0,0,0,920.5045,920.5045,0
-0.04324325,0.4993908,0,0.5006092,0,0,0,920.2187,920.2187,0
-0.04254255,0.4993908,0,0.5006092,0,0,0,920.1449,920.1449,0
-0.04184185,0.4993908,0,0.5006092,0,0,0,919.8534,919.8534,0
-0.04114115,0.4993908,0,0.5006092,0,0,0,919.5903,919.5903,0
-0.04044045,0.4993908,0,0.5006092,0,0,0,919.5711,919.5711,0
-0.03973975,0.4993908,0,0.5006092,0,0,0,919.4305,919.4305,0
-0.03903905,0.4993908,0,0.5006092,0,0,0,919.1578,919.1578,0
-0.03833835,0.4993908,0,0.5006092,0,0,0,919.1243,919.1243,0
-0.03763765,0.4993908,0,0.5006092,0,0,0,918.9413,918.9413,0
-0.03693695,0.4993908,0,0.5006092,0,0,0,918.8018,918.8018,0
-0.03623625,0.4993908,0,0.5006092,0,0,0,918.7757,918.7757,0
-0.03553554,0.4993908,0,0.5006092,0,0,0,918.6425,918.6425,0
-0.03483484,0.4993908,0,0.5006092,0,0,0,918.5199,918.5199,0
-0.03413414,0.4993908,0,0.5006092,0,0,0,918.6042,918.6042,0
-0.03343344,0.4993908,0,0.5006092,0,0,0,918.4902,918.4902,0
-0.03273274,0.4993908,0,0.5006092,0,0,0,918.3287,918.3287,0
-0.03203204,0.4993908,0,0.5006092,0,0,0,918.3147,918.3147,0
-0.03133134,0.4993908,0,0.5006092,0,0,0,918.2362,918.2362,0
-0.03063064,0.4993908,0,0.5006092,0,0,0,918.1053,918.1053,0
-0.02992994,0.4993908,0,0.5006092,0,0,0,918.1251,918.1251,0
-0.02922924,0.4993908,0,0.5006092,0,0,0,918.085,918.085,0
-0.02852854,0.4993908,0,0.5006092,0,0,0,917.963,917.963,0
-0.02782784,0.4993908,0,0.5006092,0,0,0,917.9777,917.9777,0
-0.02712714,0.4993908,0,0.5006092,0,0,0,917.9322,917.9322,0
-0.02642644,0.4993908,0,0.5006092,0,0,0,917.7496,917.7496,0
-0.02572574,0.4993908,0,0.5006092,0,0,0,917.6872,917.6872,0
-0.02502504,0.4993908,0,0.5006092,0,0,0,917.6327,917.6327,0
-0.02432434,0.4993908,0,0.5006092,0,0,0,917.3312,917.3312,0
-0.02362363,0.4993908,0,0.5006092,0,0,0,917.2047,917.2047,0
-0.02292293,0.4993908,0,0.5006092,0,0,0,917.0315,917.0315,0
-0.02222223,0.4993908,0,0.5006092,0,0,0,916.7833,916.7833,0
-0.02152153,0.4993908,0,0.5006092,0,0,0,916.7302,916.7302,0
-0.02082083,0.4993908,0,0.5006092,0,0,0,916.6313,916.6313,0
-0.02012013,0.4993908,0,0.5006092,0,0,0,916.373,916.373,0
-0.01941943,0.4993908,0,0.5006092,0,0,0,916.3097,916.3097,0
-0.01871873,0.4993908,0,0.5006092,0,0,0,916.2839,916.2839,0
-0.01801803,0.4993908,0,0.5006092,0,0,0,916.164,916.164,0
-0.01731733,0.4993908,0,0.5006092,0,0,0,916.0562,916.0562,0
-0.01661663,0.4993908,0,0.5006092,0,0,0,916.0846,916.0846,0
-0.01591593,0.4993908,0,0.5006092,0,0,0,916.0199,916.0199,0
-0.01521523,0.4993908,0,0.5006092,0,0,0,915.9991,915.9991,0
-0.01451453,0.4993908,0,0.5006092,0,0,0,916.1173,916.1173,0
-0.01381383,0.4993908,0,0.5006092,0,0,0,916.1138,916.1138,0
-0.01311313,0.4993908,0,0.5006092,0,0,0,915.8447,915.8447,0
-0.01241242,0.4993908,0,0.5006092,0,0,0,915.9593,915.9593,0
-0.01171172,0.4993908,0,0.5006092,0,0,0,915.9883,915.9883,0
-0.01101102,0.4993908,0,0.5006092,0,0,0,915.6593,915.6593,0
-0.01031032,0.4993908,0,0.5006092,0,0,0,915.6843,915.6843,0
-0.009609623,0.4993908,0,0.5006092,0,0,0,915.5034,915.5034,0
-0.008908922,0.4993908,0,0.5006092,0,0,0,915.1406,915.1406,0
-0.008208221,0.4993908,0,0.5006092,0,0,0,914.9756,914.9756,0
-0.007507521,0.4993908,0,0.5006092,0,0,0,914.6707,914.6707,0
-0.00680682,0.4993908,0,0.5006092,0,0,0,914.4095,914.4095,0
-0.00610612,0.4993908,0,0.5006092,0,0,0,914.2794,914.2794,0
-0.005405419,0.4993908,0,0.5006092,0,0,0,914.1024,914.1024,0
-0.004704718,0.4993908,0,0.5006092,0,0,0,913.9203,913.9203,0
-0.004004018,0.4993908,0,0.5006092,0,0,0,913.9019,913.9019,0
-0.003303317,0.4993908,0,0.5006092,0,0,0,913.8511,913.8511,0
-0.002602617,0.4993908,0,0.5006092,0,0,0,913.8702,913.8702,0
-0.001901916,0.4993908,0,0.5006092,0,0,0,913.9313,913.9313,0
-0.001201215,0.4993908,0,0.5006092,0,0,0,913.9739,913.9739,0
-0.0005005147,0.4993908,0,0.5006092,0,0,0,914.1293,914.1293,0
0.0002001859,0.4993908,0,0.5006092,0,0,0,914.4683,914.4683,0
0.0009008865,0.4993908,0,0.5006092,0,0,0,914.829,914.829,0
0.001601587,0.4993908,0,0.5006092,0,0,0,915.0565,915.0565,0
0.002302288,0.4993908,0,0.5006092,0,0,0,915.1084,915.1084,0
0.003002988,0.4993908,0,0.5006092,0,0,0,915.0118,915.0118,0
0.003703689,0.4993908,0,0.5006092,0,0,0,914.7173,914.7173,0
0.004404389,0.4993908,0,0.5006092,0,0,0,914.2301,914.0888,917.0752
0.00510509,0.4993908,0,0.5006092,0,0,0,913.6396,913.3443,916.4745
0.005805791,0.4993908,0,0.5006092,0,0,0,912.9519,912.5493,915.5468
0.006506491,0.4993908,0,0.5006092,0,0,0,912.2693,911.8377,914.3936
0.007207192,0.4993908,0,0.5006092,0,0,0,911.6542,911.2878,913.148
0.007907892,0.4993908,0,0.5006092,0,0,0,911.2091,911.0099,911.9197
0.008608593,0.4993908,0,0.5006092,0,0,0,910.8592,910.8849,910.7756
0.009309294,0.4993908,0,0.5006092,0,0,0,910.6044,910.8826,909.7458
0.01000999,0.4993908,0,0.5006092,0,0,0,910.4567,910.9753,908.8879
0.01071069,0.4993908,0,0.5006092,0,0,0,910.3766,911.091,908.189
0.0114114,0.4993908,0,0.5006092,0,0,0,910.3442,911.1845,907.6514
0.0121121,0.4993908,0,0.5006092,0,0,0,910.2288,911.0895,907.2345
0.0128128,0.4993908,0,0.5006092,0,0,0,910.1241,910.9544,906.8585
0.0135135,0.4993908,0,0.5006092,0,0,0,910.0143,910.7777,906.4376
0.0142142,0.4993908,0,0.5006092,0,0,0,909.9542,910.628,906.124
0.0149149,0.4993908,0,0.5006092,0,0,0,909.762,910.3154,906.8972
0.0156156,0.4993908,0,0.5006092,0,0,0,909.545,909.9973,907.2107
0.0163163,0.4993908,0,0.5006092,0,0,0,909.2771,909.5582,907.6874
0.017017,0.4993908,0,0.5006092,0,0,0,908.9879,909.3572,907.2453
0.0177177,0.4993908,0,0.5006092,0,0,0,908.6761,909.1971,906.6159
0.0184184,0.4993908,0,0.5006092,0,0,0,908.2497,909.1997,905.6648
0.0191191,0.4993908,0,0.5006092,0,0,0,907.8064,909.181,905.0244
0.0198198,0.4993908,0,0.5006092,0,0,0,907.2977,909.0223,904.4737
0.0205205,0.4993908,0,0.5006092,0,0,0,906.7317,908.7722,903.8726
0.0212212,0.4993908,0,0.5006092,0,0,0,906.1666,908.5096,903.1983
0.0219219,0.4993908,0,0.5006092,0,0,0,905.6143,908.1946,902.5059
0.02262261,0.4993908,0,0.5006092,0,0,0,905.1354,907.9019,901.8059
0.02332331,0.4993908,0,0.5006092,0,0,0,904.7075,907.5734,901.0927
0.02402401,0.4993908,0,0.5006092,0,0,0,904.4049,907.3307,900.3369
0.02472471,0.4993908,0,0.5006092,0,0,0,904.1329,906.9993,899.494
0.02542541,0.4993908,0,0.5006092,0,0,0,903.851,906.8341,898.6785
0.02612611,0.4993908,0,0.5006092,0,0,0,903.4805,906.4795,898.001
0.02682681,0.4993908,0,0.5006092,0,0,0,903.1043,905.8708,897.3798
0.02752751,0.4993908,0,0.5006092,0,0,0,902.7047,905.3306,897.4936
0.02822821,0.4993908,0,0.5006092,0,0,0,902.3244,904.615,897.7292
0.02892891,0.4993908,0,0.5006092,0,0,0,901.989,903.8069,898.1525
0.02962961,0.4993908,0,0.5006092,0,0,0,901.7889,903.5581,898.4458
0.03033031,0.4993908,0,0.5006092,0,0,0,901.6059,903.011,899.021
0.03103101,0.4993908,0,0.5006092,0,0,0,901.4246,903.0607,898.8393
0.03173171,0.4993908,0,0.5006092,0,0,0,901.2973,903.3461,898.4756
0.03243241,0.4993908,0,0.5006092,0,0,0,901.1214,903.4827,898.1356
0.03313311,0.4993908,0,0.5006092,0,0,0,901.0022,903.6187,897.8058
0.03383381,0.4993908,0,0.5006092,0,0,0,900.8497,903.577,897.4674
0.03453452,0.4993908,0,0.5006092,0,0,0,900.7101,903.4376,897.1014
0.03523522,0.4993908,0,0.5006092,0,0,0,900.5368,903.1331,896.6835
0.03593592,0.4993908,0,0.5006092,0,0,0,900.2264,902.5412,896.1538
0.03663662,0.4993908,0,0.5006092,0,0,0,899.8484,902.1311,895.5264
0.03733732,0.4993908,0,0.5006092,0,0,0,899.6047,902.0104,894.7013
0.03803802,0.4993908,0,0.5006092,0,0,0,899.5034,902.0963,894.1039
0.03873872,0.4993908,0,0.5006092,0,0,0,899.2958,901.9603,893.9459
0.03943942,0.4993908,0,0.5006092,0,0,0,898.9721,901.4632,893.8726
0.04014012,0.4993908,0,0.5006092,0,0,0,898.5391,900.9563,893.8574
0.04084082,0.4993908,0,0.5006092,0,0,0,898.2279,900.6644,893.9229
0.04154152,0.4993908,0,0.5006092,0,0,0,898.1048,900.4083,894.0657
0.04224222,0.4993908,0,0.5006092,0,0,0,897.9434,900.8253,893.6981
0.04294292,0.4993908,0,0.5006092,0,0,0,897.587,900.869,893.3085
0.04364362,0.4993908,0,0.5006092,0,0,0,897.2407,900.829,892.8816
0.04434432,0.4993908,0,0.5006092,0,0,0,896.8984,900.647,892.4389
0.04504502,0.4993908,0,0.5006092,0,0,0,896.614,900.4065,891.9743
0.04574572,0.4993908,0,0.5006092,0,0,0,896.3281,899.9859,891.4931
0.04644643,0.4993908,0,0.5006092,0,0,0,896.0426,899.3997,890.9979
0.04714713,0.4993908,0,0.5006092,0,0,0,895.7575,898.6868,890.4618
0.04784783,0.4993908,0,0.5006092,0,0,0,895.4203,898.0461,890.4164
0.04854853,0.4993908,0,0.5006092,0,0,0,895.1025,897.4043,890.2937
0.04924923,0.4993908,0,0.5006092,0,0,0,894.7692,896.8152,890.3843
0.04994993,0.4993908,0,0.5006092,0,0,0,894.5743,896.4409,890.6552
0.05065063,0.4993908,0,0.5006092,0,0,0,894.5496,896.1906,890.9758
0.05135133,0.4993908,0,0.5006092,0,0,0,894.6929,896.2803,891.3111
0.05205203,0.4993908,0,0.5006092,0,0,0,894.9763,896.6894,891.594
0.05275273,0.4993908,0,0.5006092,0,0,0,894.8489,896.6891,891.5927
0.05345343,0.4993908,0,0.5006092,0,0,0,894.5318,896.8013,891.1616
0.05415413,0.4993908,0,0.5006092,0,0,0,894.0859,896.7173,890.6199
0.05485483,0.4993908,0,0.5006092,0,0,0,893.501,896.3603,889.9853
0.05555553,0.4993908,0,0.5006092,0,0,0,892.967,896.0309,889.2699
0.05625623,0.4993908,0,0.5006092,0,0,0,892.4086,895.5504,888.499
0.05695693,0.4993908,0,0.5006092,0,0,0,891.9791,895.148,887.7063
0.05765764,0.4993908,0,0.5006092,0,0,0,891.6275,894.6956,886.9114
0.05835834,0.4993908,0,0.5006092,0,0,0,891.3766,894.2003,886.1349
0.05905904,0.4993908,0,0.5006092,0,0,0,891.1033,893.5159,885.3068
0.05975974,0.4993908,0,0.5006092,0,0,0,890.9108,893.0132,884.7284
0.06046044,0.4993908,0,0.5006092,0,0,0,891.0161,893.196,884.9932
0.06116114,0.4993908,0,0.5006092,0,0,0,891.049,893.2065,885.4535
0.06186184,0.4993908,0,0.5006092,0,0,0,890.8629,892.7944,885.8662
0.06256254,0.4993908,0,0.5006092,0,0,0,890.5101,892.0688,886.239
0.06326324,0.4993908,0,0.5006092,0,0,0,890.0949,891.2212,886.716
0.06396394,0.4993908,0,0.5006092,0,0,0,889.9754,891.4473,886.3261
0.06466464,0.4993908,0,0.5006092,0,0,0,890.0958,892.3544,885.7982
0.06536534,0.4993908,0,0.5006092,0,0,0,889.8581,892.6411,885.5014
0.06606604,0.4993908,0,0.5006092,0,0,0,889.4702,892.5662,885.2449
0.06676674,0.4993908,0,0.5006092,0,0,0,888.9632,892.1588,884.9594
0.06746744,0.4993908,0,0.5006092,0,0,0,888.5168,891.7637,884.5886
0.06816814,0.4993908,0,0.5006092,0,0,0,888.0365,891.2342,884.1125
0.06886884,0.4993908,0,0.5006092,0,0,0,887.5105,890.5455,883.5381
0.06956955,0.4993908,0,0.5006092,0,0,0,886.9826,889.7895,882.8623
0.07027025,0.4993908,0,0.5006092,0,0,0,886.6316,889.2231,882.1268
0.07097095,0.4993908,0,0.5006092,0,0,0,886.4156,888.9879,881.3678
0.07167165,0.4993908,0,0.5006092,0,0,0,886.3796,889.0909,880.6762
0.07237235,0.4993908,0,0.5006092,0,0,0,886.2968,889.0811,880.2283
0.07307305,0.4993908,0,0.5006092,0,0,0,885.9671,888.7492,880.1548
0.07377375,0.4993908,0,0.5006092,0,0,0,885.3952,887.9635,879.9438
0.07447445,0.4993908,0,0.5006092,0,0,0,884.8768,887.197,879.5922
0.07517515,0.4993908,0,0.5006092,0,0,0,884.4096,886.9251,879.171
0.07587585,0.4993908,0,0.5006092,0,0,0,884.0161,886.7261,878.6205
0.07657655,0.4993908,0,0.5006092,0,0,0,883.7051,887.2098,878.0093
0.07727725,0.4993908,0,0.5006092,0,0,0,883.3237,887.464,877.5162
0.07797795,0.4993908,0,0.5006092,0,0,0,883.0415,887.6812,877.105
0.07867865,0.4993908,0,0.5006092,0,0,0,882.7456,887.6359,876.7423
0.07937935,0.4993908,0,0.5006092,0,0,0,882.5093,887.4767,876.3672
0.08008005,0.4993908,0,0.5006092,0,0,0,882.2342,887.0316,875.9603
0.08078075,0.4993908,0,0.5006092,0,0,0,882.0178,886.461,875.5533
0.08148146,0.4993908,0,0.5006092,0,0,0,881.9002,885.88,875.1819
0.08218216,0.4993908,0,0.5006092,0,0,0,881.9124,885.7828,875.4229
0.08288286,0.4993908,0,0.5006092,0,0,0,881.9363,885.3673,875.7302
0.08358356,0.4993908,0,0.5006092,0,0,0,881.9594,885.0261,876.0722
0.08428426,0.4993908,0,0.5006092,0,0,0,882.0115,885.0655,876.324
0.08498496,0.4993908,0,0.5006092,0,0,0,882.0089,884.8363,876.6271
0.08568566,0.4993908,0,0.5006092,0,0,0,881.9878,884.3878,877.0411
0.08638636,0.4993908,0,0.5006092,0,0,0,882.0847,883.9727,877.6125
0.08708706,0.4993908,0,0.5006092,0,0,0,882.1171,883.3671,878.4616
0.08778776,0.4993908,0,0.5006092,0,0,0,882.1798,883.3998,878.4944
0.08848846,0.4993908,0,0.5006092,0,0,0,882.1288,883.3797,878.2856
0.08918916,0.4993908,0,0.5006092,0,0,0,881.8471,883.0127,878.0818
0.08988986,0.4993908,0,0.5006092,0,0,0,881.5118,882.5407,877.8894
0.09059056,0.4993908,0,0.5006092,0,0,0,881.1788,882.0491,877.6937
0.09129126,0.4993908,0,0.5006092,0,0,0,880.8293,881.5278,877.4726
0.09199196,0.4993908,0,0.5006092,0,0,0,880.4936,881.0224,877.2065
0.09269267,0.4993908,0,0.5006092,0,0,0,880.1433,880.4976,876.9136
0.09339337,0.4993908,0,0.5006092,0,0,0,879.7726,879.9462,876.6869
0.09409407,0.4993908,0,0.5006092,0,0,0,879.3202,879.4467,875.5408
0.09479477,0.4993908,0,0.5006092,0,0,0,878.9921,879.3339,875.0622
0.09549547,0.4993908,0,0.5006092,0,0,0,878.7567,879.3408,874.5571
0.09619617,0.4993908,0,0.5006092,0,0,0,878.4699,879.3189,873.9553
0.09689687,0.4993908,0,0.5006092,0,0,0,878.071,879.226,873.0973
0.09759757,0.4993908,0,0.5006092,0,0,0,877.5912,879.3984,871.897
0.09829827,0.4993908,0,0.5006092,0,0,0,877.1333,879.8931,870.9305
0.09899897,0.4993908,0,0.5006092,0,0,0,876.4868,880.081,870.158
0.09969967,0.4993908,0,0.5006092,0,0,0,875.5936,879.7735,869.4381
0.1004004,0.4993908,0,0.5006092,0,0,0,874.6141,879.2084,868.6398
0.1011011,0.4993908,0,0.5006092,0,0,0,873.6221,878.4636,867.7683
0.1018018,0.4993908,0,0.5006092,0,0,0,872.7164,877.6549,866.8762
0.1025025,0.4993908,0,0.5006092,0,0,0,872.0144,876.9251,866.0539
0.1032032,0.4993908,0,0.5006092,0,0,0,871.4787,876.145,865.3726
0.1039039,0.4993908,0,0.5006092,0,0,0,871.036,875.2115,864.8363
0.1046046,0.4993908,0,0.5006092,0,0,0,870.7406,874.2566,864.4776
0.1053053,0.4993908,0,0.5006092,0,0,0,870.6168,873.3681,864.328
0.106006,0.4993908,0,0.5006092,0,0,0,870.6306,872.9347,864.0093
0.1067067,0.4993908,0,0.5006092,0,0,0,870.4666,873.0397,863.0456
0.1074074,0.4993908,0,0.5006092,0,0,0,870.1739,873.2168,861.9746
0.1081081,0.4993908,0,0.5006092,0,0,0,869.7762,873.0483,860.9979
0.1088088,0.4993908,0,0.5006092,0,0,0,869.3674,872.6875,859.9346
0.1095095,0.4993908,0,0.5006092,0,0,0,868.9283,872.1139,858.6522
0.1102102,0.4993908,0,0.5006092,0,0,0,868.677,872.3405,858.963
0.1109109,0.4993908,0,0.5006092,0,0,0,868.5888,873.0566,859.6705
0.1116116,0.4993908,0,0.5006092,0,0,0,868.5984,873.778,860.1752
0.1123123,0.4993908,0,0.5006092,0,0,0,868.434,874.1207,860.4582
0.113013,0.4993908,0,0.5006092,0,0,0,868.0658,873.9943,860.494
0.1137137,0.4993908,0,0.5006092,0,0,0,867.6274,873.588,860.3436
0.1144144,0.4993908,0,0.5006092,0,0,0,867.1845,872.954,860.0965
0.1151151,0.4993908,0,0.5006092,0,0,0,866.8183,872.1859,859.8526
0.1158158,0.4993908,0,0.5006092,0,0,0,866.5757,871.3766,859.6523
0.1165165,0.4993908,0,0.5006092,0,0,0,866.3032,870.2777,859.5861
0.1172172,0.4993908,0,0.5006092,0,0,0,866.213,869.2782,859.7592
0.1179179,0.4993908,0,0.5006092,0,0,0,866.2372,868.2809,860.398
0.1186186,0.4993908,0,0.5006092,0,0,0,866.2682,867.5765,861.1362
0.1193193,0.4993908,0,0.5006092,0,0,0,866.3192,867.8836,860.3705
0.12002,0.4993908,0,0.5006092,0,0,0,866.45,868.4277,859.617
0.1207207,0.4993908,0,0.5006092,0,0,0,866.4403,868.5621,859.2377
0.1214214,0.4993908,0,0.5006092,0,0,0,866.2948,868.2745,859.2246
0.1221221,0.4993908,0,0.5006092,0,0,0,865.9295,867.5548,859.3385
0.1228228,0.4993908,0,0.5006092,0,0,0,865.611,867.4416,858.8856
0.1235235,0.4993908,0,0.5006092,0,0,0,865.4306,867.9928,858.9542
0.1242242,0.4993908,0,0.5006092,0,0,0,865.2326,868.4357,859.0509
0.1249249,0.4993908,0,0.5006092,0,0,0,864.9722,868.654,859.1287
0.1256256,0.4993908,0,0.5006092,0,0,0,864.5043,868.3444,859.1977
0.1263263,0.4993908,0,0.5006092,0,0,0,863.8447,867.5364,859.1659
0.127027,0.4993908,0,0.5006092,0,0,0,863.1842,866.5667,859.0435
0.1277277,0.4993908,0,0.5006092,0,0,0,862.7237,865.8153,858.8842
0.1284284,0.4993908,0,0.5006092,0,0,0,862.394,865.1653,858.7245
0.1291291,0.4993908,0,0.5006092,0,0,0,862.2113,864.6393,858.6083
0.1298298,0.4993908,0,0.5006092,0,0,0,861.9735,864.372,858.3418
0.1305305,0.4993908,0,0.5006092,0,0,0,861.3648,863.5309,858.0339
0.1312312,0.4993908,0,0.5006092,0,0,0,860.6221,862.3604,857.6783
0.1319319,0.4993908,0,0.5006092,0,0,0,859.768,861.4316,856.8175
0.1326326,0.4993908,0,0.5006092,0,0,0,859.0572,861.0887,855.4875
0.1333333,0.4993908,0,0.5006092,0,0,0,858.477,860.9216,853.9926
0.134034,0.4993908,0,0.5006092,0,0,0,857.9602,860.7515,852.3139
0.1347347,0.4993908,0,0.5006092,0,0,0,857.467,860.5148,850.2589
0.1354354,0.4993908,0,0.5006092,0,0,0,857.0498,860.4004,847.0332
0.1361361,0.4993908,0,0.5006092,0,0,0,856.5613,860.0713,846.784
0.1368368,0.4993908,0,0.5006092,0,0,0,856.1228,859.796,847.8317
0.1375375,0.4993908,0,0.5006092,0,0,0,855.651,859.4116,848.2879
0.1382382,0.4993908,0,0.5006092,0,0,0,855.1315,858.8419,848.4445
0.1389389,0.4993908,0,0.5006092,0,0,0,854.7125,858.3029,848.4236
0.1396396,0.4993908,0,0.5006092,0,0,0,854.293,857.6275,848.3149
0.1403403,0.4993908,0,0.5006092,0,0,0,853.9187,857.361,848.2567
0.141041,0.4993908,0,0.5006092,0,0,0,853.48,856.7488,848.4962
0.1417417,0.4993908,0,0.5006092,0,0,0,853.1027,855.7304,849.087
0.1424424,0.4993908,0,0.5006092,0,0,0,852.7308,855.3259,849.0038
0.1431431,0.4993908,0,0.5006092,0,0,0,852.2848,855.4362,848.1929
0.1438438,0.4993908,0,0.5006092,0,0,0,851.7582,855.3645,847.3081
0.1445445,0.4993908,0,0.5006092,0,0,0,851.2534,855.207,846.3817
0.1452452,0.4993908,0,0.5006092,0,0,0,850.9861,855.2972,845.4132
0.1459459,0.4993908,0,0.5006092,0,0,0,850.8319,855.3574,844.3777
0.1466466,0.4993908,0,0.5006092,0,0,0,850.6855,855.1814,843.2218
0.1473473,0.4993908,0,0.5006092,0,0,0,850.4368,854.6149,841.8744
0.148048,0.4993908,0,0.5006092,0,0,0,850.0524,853.7859,840.4896
0.1487487,0.4993908,0,0.5006092,0,0,0,849.2316,852.6246,840.1265
0.1494494,0.4993908,0,0.5006092,0,0,0,848.2703,851.4616,840.4731
0.1501501,0.4993908,0,0.5006092,0,0,0,847.3801,850.3361,840.3841
0.1508508,0.4993908,0,0.5006092,0,0,0,846.5016,849.1606,840.041
0.1515515,0.4993908,0,0.5006092,0,0,0,845.5541,847.8482,839.469
0.1522522,0.4993908,0,0.5006092,0,0,0,844.4835,847.0881,837.8389
0.1529529,0.4993908,0,0.5006092,0,0,0,843.4364,846.9006,836.225
0.1536536,0.4993908,0,0.5006092,0,0,0,842.5549,847.0074,835.0855
0.1543543,0.4993908,0,0.5006092,0,0,0,841.9,847.2178,834.2632
0.155055,0.4993908,0,0.5006092,0,0,0,841.2956,847.1558,833.696
0.1557557,0.4993908,0,0.5006092,0,0,0,840.6234,846.6086,833.2568
0.1564564,0.4993908,0,0.5006092,0,0,0,840.0938,845.9678,832.8816
0.1571571,0.4993908,0,0.5006092,0,0,0,839.7069,845.2977,832.514
0.1578578,0.4993908,0,0.5006092,0,0,0,839.3196,844.3746,832.1539
0.1585585,0.4993908,0,0.5006092,0,0,0,839.0904,843.4851,831.8443
0.1592592,0.4993908,0,0.5006092,0,0,0,839.022,842.6444,831.6643
0.1599599,0.4993908,0,0.5006092,0,0,0,839.0512,842.64,831.0603
0.1606606,0.4993908,0,0.5006092,0,0,0,839.1865,842.7999,830.5789
0.1613613,0.4993908,0,0.5006092,0,0,0,839.2498,843.5141,829.7954
0.162062,0.4993908,0,0.5006092,0,0,0,839.0452,843.5943,829.1291
0.1627627,0.4993908,0,0.5006092,0,0,0,838.5862,843.0095,828.5512
0.1634634,0.4993908,0,0.5006092,0,0,0,837.8687,842.5716,827.8932
0.1641641,0.4993908,0,0.5006092,0,0,0,836.9245,841.7972,827.2957
0.1648648,0.4993908,0,0.5006092,0,0,0,835.8373,840.9528,827.0858
0.1655655,0.4993908,0,0.5006092,0,0,0,834.8713,840.3921,826.9003
0.1662662,0.4993908,0,0.5006092,0,0,0,833.8064,839.5907,826.3707
0.1669669,0.4993908,0,0.5006092,0,0,0,832.7222,838.6671,825.558
0.1676676,0.4993908,0,0.5006092,0,0,0,831.6449,837.6038,824.5686
0.1683683,0.4993908,0,0.5006092,0,0,0,830.6542,836.4697,823.5078
0.169069,0.4993908,0,0.5006092,0,0,0,829.9692,835.6059,822.435
0.1697697,0.4993908,0,0.5006092,0,0,0,829.5473,834.8656,821.414
0.1704704,0.4993908,0,0.5006092,0,0,0,829.3921,834.4316,820.4709
0.1711711,0.4993908,0,0.5006092,0,0,0,829.2868,834.5203,819.7527
0.1718718,0.4993908,0,0.5006092,0,0,0,829.261,834.1942,819.2374
0.1725725,0.4993908,0,0.5006092,0,0,0,829.4445,834.4874,819.0827
0.1732732,0.4993908,0,0.5006092,0,0,0,829.6984,834.9233,819.0218
0.1739739,0.4993908,0,0.5006092,0,0,0,829.925,835.0431,818.9402
0.1746746,0.4993908,0,0.5006092,0,0,0,830.1686,835.7767,818.7156
0.1753753,0.4993908,0,0.5006092,0,0,0,829.7478,835.4442,818.7921
0.176076,0.4993908,0,0.5006092,0,0,0,828.9288,834.9827,818.6399
0.1767767,0.4993908,0,0.5006092,0,0,0,827.9992,834.7113,818.2673
0.1774774,0.4993908,0,0.5006092,0,0,0,827.1421,834.2455,817.8817
0.1781781,0.4993908,0,0.5006092,0,0,0,826.1863,833.2458,817.4782
0.1788788,0.4993908,0,0.5006092,0,0,0,825.4031,832.2027,817.0649
0.1795795,0.4993908,0,0.5006092,0,0,0,824.7567,831.0946,816.6417
0.1802802,0.4993908,0,0.5006092,0,0,0,824.4892,830.3937,816.19
0.1809809,0.4993908,0,0.5006092,0,0,0,824.5334,829.9795,815.6611
0.1816816,0.4993908,0,0.5006092,0,0,0,824.6266,829.6973,815.8223
0.1823823,0.4993908,0,0.5006092,0,0,0,824.7324,829.3754,816.2652
0.183083,0.4993908,0,0.5006092,0,0,0,824.9024,828.9296,816.7743
0.1837837,0.4993908,0,0.5006092,0,0,0,824.8261,828.7045,817.3749
0.1844844,0.4993908,0,0.5006092,0,0,0,824.9885,828.6737,817.8742
0.1851851,0.4993908,0,0.5006092,0,0,0,825.26,828.8927,818.2146
0.1858858,0.4993908,0,0.5006092,0,0,0,825.2784,829.2753,818.3266
0.1865865,0.4993908,0,0.5006092,0,0,0,824.8587,828.6508,818.4569
0.1872872,0.4993908,0,0.5006092,0,0,0,824.2677,828.3384,817.988
0.1879879,0.4993908,0,0.5006092,0,0,0,823.7153,828.6527,817.0453
0.1886886,0.4993908,0,0.5006092,0,0,0,823.1037,828.7,816.1359
0.1893893,0.4993908,0,0.5006092,0,0,0,822.5219,828.4794,815.3209
0.19009,0.4993908,0,0.5006092,0,0,0,821.9553,827.9559,814.5734
0.1907907,0.4993908,0,0.5006092,0,0,0,821.4996,827.2972,813.8686
0.1914914,0.4993908,0,0.5006092,0,0,0,821.0155,826.3113,813.1582
0.1921922,0.4993908,0,0.5006092,0,0,0,820.7352,825.447,812.4185
0.1928929,0.4993908,0,0.5006092,0,0,0,820.4558,824.4406,811.5142
0.1935936,0.4993908,0,0.5006092,0,0,0,820.1337,823.4273,809.8583
0.1942943,0.4993908,0,0.5006092,0,0,0,819.9481,823.2079,809.0065
0.194995,0.4993908,0,0.5006092,0,0,0,819.6444,822.8709,809.9319
0.1956957,0.4993908,0,0.5006092,0,0,0,819.4819,822.5794,810.4852
0.1963964,0.4993908,0,0.5006092,0,0,0,819.0228,821.8805,810.5281
0.1970971,0.4993908,0,0.5006092,0,0,0,817.9467,820.4721,809.7064
0.1977978,0.4993908,0,0.5006092,0,0,0,816.6178,818.9417,808.2432
0.1984985,0.4993908,0,0.5006092,0,0,0,815.4095,818.8989,806.7193
0.1991992,0.4993908,0,0.5006092,0,0,0,814.8917,819.7979,805.491
0.1998999,0.4993908,0,0.5006092,0,0,0,814.5267,820.9507,804.3893
0.2006006,0.4993908,0,0.5006092,0,0,0,813.3348,820.6798,803.2186
0.2013013,0.4993908,0,0.5006092,0,0,0,811.8377,819.6708,801.9225
0.202002,0.4993908,0,0.5006092,0,0,0,810.5155,818.6886,800.5096
0.2027027,0.4993908,0,0.5006092,0,0,0,809.4162,817.6644,799.156
0.2034034,0.4993908,0,0.5006092,0,0,0,808.561,816.5099,798.0016
0.2041041,0.4993908,0,0.5006092,0,0,0,808.0668,815.3567,797.1905
0.2048048,0.4993908,0,0.5006092,0,0,0,807.7041,813.8226,796.8674
0.2055055,0.4993908,0,0.5006092,0,0,0,807.4898,812.0422,797.2741
0.2062062,0.4993908,0,0.5006092,0,0,0,807.6592,810.4316,799.0384
0.2069069,0.4993908,0,0.5006092,0,0,0,807.9211,809.8162,800.3061
0.2076076,0.4993908,0,0.5006092,0,0,0,808.3292,810.5075,799.6608
0.2083083,0.4993908,0,0.5006092,0,0,0,808.8898,811.2395,800.3554
0.209009,0.4993908,0,0.5006092,0,0,0,808.9819,810.9325,802.0085
0.2097097,0.4993908,0,0.5006092,0,0,0,808.5811,809.8907,803.6301
0.2104104,0.4993908,0,0.5006092,0,0,0,807.5974,808.259,804.7298
0.2111111,0.4993908,0,0.5006092,0,0,0,806.2379,806.9038,803.7537
0.2118118,0.4993908,0,0.5006092,0,0,0,805.0521,806.982,800.0658
0.2125125,0.4993908,0,0.5006092,0,0,0,803.8453,806.971,797.7128
0.2132132,0.4993908,0,0.5006092,0,0,0,802.8033,807.0466,795.9842
0.2139139,0.4993908,0,0.5006092,0,0,0,801.7084,806.8705,794.512
0.2146146,0.4993908,0,0.5006092,0,0,0,800.5529,806.2979,793.2263
0.2153153,0.4993908,0,0.5006092,0,0,0,799.6027,805.7506,792.0537
0.216016,0.4993908,0,0.5006092,0,0,0,798.7899,805.0857,790.9729
0.2167167,0.4993908,0,0.5006092,0,0,0,798.1588,804.3712,789.9722
0.2174174,0.4993908,0,0.5006092,0,0,0,797.8125,803.7838,789.0228
0.2181181,0.4993908,0,0.5006092,0,0,0,797.262,803.0456,788.0135
0.2188188,0.4993908,0,0.5006092,0,0,0,796.6636,802.7681,786.8394
0.2195195,0.4993908,0,0.5006092,0,0,0,796.4396,802.4786,785.8617
0.2202202,0.4993908,0,0.5006092,0,0,0,796.3823,802.4057,785.2976
0.2209209,0.4993908,0,0.5006092,0,0,0,795.9752,801.9514,785.1858
0.2216216,0.4993908,0,0.5006092,0,0,0,795.2584,800.7207,785.0704
0.2223223,0.4993908,0,0.5006092,0,0,0,794.7967,799.731,784.7365
0.223023,0.4993908,0,0.5006092,0,0,0,794.6569,799.1629,783.9906
0.2237237,0.4993908,0,0.5006092,0,0,0,794.7317,798.803,782.7219
0.2244244,0.4993908,0,0.5006092,0,0,0,794.837,799.7004,781.5668
0.2251251,0.4993908,0,0.5006092,0,0,0,794.6315,801.0282,780.5662
0.2258258,0.4993908,0,0.5006092,0,0,0,794.1414,801.6522,779.9044
0.2265265,0.4993908,0,0.5006092,0,0,0,793.4398,801.4761,779.4856
0.2272272,0.4993908,0,0.5006092,0,0,0,792.8389,801.0238,779.1192
0.2279279,0.4993908,0,0.5006092,0,0,0,792.6008,800.805,778.6146
0.2286286,0.4993908,0,0.5006092,0,0,0,792.7211,801.0178,778.6578
0.2293293,0.4993908,0,0.5006092,0,0,0,792.2314,800.4618,779.5133
0.23003,0.4993908,0,0.5006092,0,0,0,790.9246,797.9567,780.2112
0.2307307,0.4993908,0,0.5006092,0,0,0,789.7952,795.7625,780.7458
0.2314314,0.4993908,0,0.5006092,0,0,0,788.6509,794.8392,780.2381
0.2321321,0.4993908,0,0.5006092,0,0,0,787.3214,793.4991,779.4055
0.2328328,0.4993908,0,0.5006092,0,0,0,786.0719,792.1176,778.3939
0.2335335,0.4993908,0,0.5006092,0,0,0,785.1416,791.0081,777.3867
0.2342342,0.4993908,0,0.5006092,0,0,0,784.5367,790.104,776.4819
0.2349349,0.4993908,0,0.5006092,0,0,0,784.3221,790.0136,775.5126
0.2356356,0.4993908,0,0.5006092,0,0,0,784.4298,790.8138,774.6896
0.2363363,0.4993908,0,0.5006092,0,0,0,784.6458,790.8327,774.6009
0.237037,0.4993908,0,0.5006092,0,0,0,784.7369,790.4563,774.7844
0.2377377,0.4993908,0,0.5006092,0,0,0,784.1915,789.8736,774.6605
0.2384384,0.4993908,0,0.5006092,0,0,0,783.745,789.2331,774.404
0.2391391,0.4993908,0,0.5006092,0,0,0,783.476,788.7318,773.8922
0.2398398,0.4993908,0,0.5006092,0,0,0,783.0033,787.8216,773.0778
0.2405405,0.4993908,0,0.5006092,0,0,0,782.177,786.2375,772.0738
0.2412412,0.4993908,0,0.5006092,0,0,0,781.0434,784.5014,771.1766
0.2419419,0.4993908,0,0.5006092,0,0,0,780.0177,784.3901,770.0765
0.2426426,0.4993908,0,0.5006092,0,0,0,779.159,784.0531,769.6077
0.2433433,0.4993908,0,0.5006092,0,0,0,777.8684,782.8034,769.1027
0.244044,0.4993908,0,0.5006092,0,0,0,776.1459,780.7618,768.2663
0.2447447,0.4993908,0,0.5006092,0,0,0,774.0822,778.1897,766.9882
0.2454454,0.4993908,0,0.5006092,0,0,0,772.2226,776.532,764.8298
0.2461461,0.4993908,0,0.5006092,0,0,0,770.7695,776.5782,761.7386
0.2468468,0.4993908,0,0.5006092,0,0,0,769.4503,776.3934,758.852
0.2475475,0.4993908,0,0.5006092,0,0,0,767.9762,775.7539,756.1468
0.2482482,0.4993908,0,0.5006092,0,0,0,766.4446,775.3035,754.4341
0.2489489,0.4993908,0,0.5006092,0,0,0,764.9654,774.6058,752.7073
0.2496496,0.4993908,0,0.5006092,0,0,0,763.7768,774.0482,750.8905
0.2503503,0.4993908,0,0.5006092,0,0,0,763.045,773.8501,749.0114
0.251051,0.4993908,0,0.5006092,0,0,0,762.8673,773.9522,747.1936
0.2517517,0.4993908,0,0.5006092,0,0,0,763.1913,774.401,745.6528
0.2524524,0.4993908,0,0.5006092,0,0,0,763.498,775.4359,745.3135
0.2531531,0.4993908,0,0.5006092,0,0,0,763.8843,775.5419,745.1118
0.2538538,0.4993908,0,0.5006092,0,0,0,764.4077,775.2307,745.1341
0.2545545,0.4993908,0,0.5006092,0,0,0,764.0361,774.4914,746.177
0.2552552,0.4993908,0,0.5006092,0,0,0,763.1548,772.5499,746.9541
0.2559559,0.4993908,0,0.5006092,0,0,0,762.4299,771.1937,747.4454
0.2566566,0.4993908,0,0.5006092,0,0,0,762.092,771.4075,747.6705
0.2573573,0.4993908,0,0.5006092,0,0,0,761.7161,770.6001,748.2393
0.258058,0.4993908,0,0.5006092,0,0,0,761.3353,769.5218,748.89
0.2587587,0.4993908,0,0.5006092,0,0,0,760.8791,770.2653,748.1565
0.2594594,0.4993908,0,0.5006092,0,0,0,760.3117,770.392,747.507
0.2601601,0.4993908,0,0.5006092,0,0,0,759.8767,770.2971,746.8247
0.2608608,0.4993908,0,0.5006092,0,0,0,759.6514,770.1379,746.0613
0.2615615,0.4993908,0,0.5006092,0,0,0,759.6024,769.8302,745.1805
0.2622622,0.4993908,0,0.5006092,0,0,0,759.7121,769.5561,744.4103
0.2629629,0.4993908,0,0.5006092,0,0,0,759.5428,769.5428,744.3923
0.2636636,0.4993908,0,0.5006092,0,0,0,758.9893,768.208,744.2336
0.2643643,0.4993908,0,0.5006092,0,0,0,758.2494,766.3207,743.8941
0.265065,0.4993908,0,0.5006092,0,0,0,757.5378,765.2442,744.3831
0.2657657,0.4993908,0,0.5006092,0,0,0,756.8142,763.7791,744.8091
0.2664664,0.4993908,0,0.5006092,0,0,0,756.0725,762.5415,745.0146
0.2671671,0.4993908,0,0.5006092,0,0,0,755.6509,762.5727,744.93
0.2678678,0.4993908,0,0.5006092,0,0,0,755.3686,762.2462,744.9253
0.2685685,0.4993908,0,0.5006092,0,0,0,754.923,761.7233,744.5817
0.2692692,0.4993908,0,0.5006092,0,0,0,753.826,760.85,744.3065
0.2699699,0.4993908,0,0.5006092,0,0,0,752.8487,759.7073,744.136
0.2706706,0.4993908,0,0.5006092,0,0,0,752.36,759.0457,743.9851
0.2713713,0.4993908,0,0.5006092,0,0,0,752.1867,758.6468,743.8123
0.272072,0.4993908,0,0.5006092,0,0,0,752.1436,758.2132,743.5802
0.2727727,0.4993908,0,0.5006092,0,0,0,751.9785,757.3632,743.2498
0.2734734,0.4993908,0,0.5006092,0,0,0,751.7152,756.2022,742.8789
0.2741741,0.4993908,0,0.5006092,0,0,0,751.4195,754.8617,742.5367
0.2748748,0.4993908,0,0.5006092,0,0,0,751.4899,755.343,740.5746
0.2755755,0.4993908,0,0.5006092,0,0,0,751.9175,756.9814,739.2224
0.2762762,0.4993908,0,0.5006092,0,0,0,751.8063,757.3393,738.6651
0.2769769,0.4993908,0,0.5006092,0,0,0,750.7645,756.1114,738.0267
0.2776776,0.4993908,0,0.5006092,0,0,0,749.4707,754.4354,736.9125
0.2783783,0.4993908,0,0.5006092,0,0,0,747.4724,751.668,735.4164
0.279079,0.4993908,0,0.5006092,0,0,0,744.9612,748.4684,733.4874
0.2797797,0.4993908,0,0.5006092,0,0,0,742.4133,746.8492,731.0098
0.2804804,0.4993908,0,0.5006092,0,0,0,740.2752,746.0636,728.6416
0.2811811,0.4993908,0,0.5006092,0,0,0,738.2668,745.1072,726.7132
0.2818818,0.4993908,0,0.5006092,0,0,0,736.4158,743.9644,725.0672
0.2825825,0.4993908,0,0.5006092,0,0,0,734.6379,742.4766,723.5833
0.2832832,0.4993908,0,0.5006092,0,0,0,733.0046,740.7895,722.1744
0.2839839,0.4993908,0,0.5006092,0,0,0,731.5462,738.9716,720.819
0.2846846,0.4993908,0,0.5006092,0,0,0,730.2628,737.1395,719.4169
0.2853853,0.4993908,0,0.5006092,0,0,0,728.6242,736.6191,716.9327
0.286086,0.4993908,0,0.5006092,0,0,0,727.129,735.7698,714.5218
0.2867867,0.4993908,0,0.5006092,0,0,0,725.6895,734.3257,712.1313
0.2874874,0.4993908,0,0.5006092,0,0,0,724.3629,733.6938,710.2572
0.2881881,0.4993908,0,0.5006092,0,0,0,723.0395,733.017,708.4947
0.2888888,0.4993908,0,0.5006092,0,0,0,721.9585,732.3734,706.5361
0.2895895,0.4993908,0,0.5006092,0,0,0,721.132,731.7951,704.256
0.2902902,0.4993908,0,0.5006092,0,0,0,720.4227,732.8252,701.9043
0.2909909,0.4993908,0,0.5006092,0,0,0,719.5329,733.0517,699.9498
0.2916916,0.4993908,0,0.5006092,0,0,0,718.1967,731.4731,698.0111
0.2923923,0.4993908,0,0.5006092,0,0,0,716.4846,729.5827,696.9895
0.293093,0.4993908,0,0.5006092,0,0,0,715.1493,728.4162,696.5045
0.2937937,0.4993908,0,0.5006092,0,0,0,713.851,726.7131,695.8969
0.2944944,0.4993908,0,0.5006092,0,0,0,712.7635,724.7873,695.2286
0.2951951,0.4993908,0,0.5006092,0,0,0,712.0006,722.9625,694.5339
0.2958958,0.4993908,0,0.5006092,0,0,0,711.8254,724.0471,693.6944
0.2965965,0.4993908,0,0.5006092,0,0,0,712.0462,724.4563,693.5342
0.2972972,0.4993908,0,0.5006092,0,0,0,712.6867,724.0224,694.3487
0.2979979,0.4993908,0,0.5006092,0,0,0,712.8264,724.8673,694.5562
0.2986986,0.4993908,0,0.5006092,0,0,0,712.7002,725.0102,694.6165
0.2993993,0.4993908,0,0.5006092,0,0,0,712.7718,724.9581,694.504
0.3001,0.4993908,0,0.5006092,0,0,0,713.6396,725.6451,694.3215
0.3008007,0.4993908,0,0.5006092,0,0,0,714.9543,728.1258,695.0541
0.3015014,0.4993908,0,0.5006092,0,0,0,714.9532,727.4912,696.4881
0.3022021,0.4993908,0,0.5006092,0,0,0,714.0655,723.9459,698.7001
0.3029028,0.4993908,0,0.5006092,0,0,0,713.2151,722.0051,700.1759
0.3036035,0.4993908,0,0.5006092,0,0,0,712.4806,720.5252,701.194
0.3043042,0.4993908,0,0.5006092,0,0,0,711.7026,718.5425,702.1508
0.3050049,0.4993908,0,0.5006092,0,0,0,711.2589,716.8684,703.0594
0.3057056,0.4993908,0,0.5006092,0,0,0,710.9606,715.3959,703.8211
0.3064063,0.4993908,0,0.5006092,0,0,0,711.3631,716.6604,703.3824
0.307107,0.4993908,0,0.5006092,0,0,0,712.1687,717.9254,703.4495
0.3078077,0.4993908,0,0.5006092,0,0,0,712.225,717.0737,704.2487
0.3085085,0.4993908,0,0.5006092,0,0,0,711.909,717.06,704.0315
0.3092092,0.4993908,0,0.5006092,0,0,0,711.3257,716.5036,703.656
0.3099099,0.4993908,0,0.5006092,0,0,0,710.97,716.2159,703.0425
0.3106106,0.4993908,0,0.5006092,0,0,0,710.7596,716.0319,702.2097
0.3113113,0.4993908,0,0.5006092,0,0,0,710.0425,714.8895,701.1437
0.312012,0.4993908,0,0.5006092,0,0,0,709.0421,713.1779,699.9213
0.3127127,0.4993908,0,0.5006092,0,0,0,707.7559,711.091,698.2689
0.3134134,0.4993908,0,0.5006092,0,0,0,706.3211,710.4461,696.248
0.3141141,0.4993908,0,0.5006092,0,0,0,704.7478,709.3819,694.9483
0.3148148,0.4993908,0,0.5006092,0,0,0,702.8321,707.6381,693.4884
0.3155155,0.4993908,0,0.5006092,0,0,0,700.519,705.2206,691.6301
0.3162162,0.4993908,0,0.5006092,0,0,0,698.7556,703.538,689.4929
0.3169169,0.4993908,0,0.5006092,0,0,0,697.5615,703.5701,686.2086
0.3176176,0.4993908,0,0.5006092,0,0,0,696.1507,703.9255,682.6498
0.3183183,0.4993908,0,0.5006092,0,0,0,694.4766,703.2998,679.2391
0.319019,0.4993908,0,0.5006092,0,0,0,692.2561,702.4837,677.029
0.3197197,0.4993908,0,0.5006092,0,0,0,690.021,701.3764,674.9574
0.3204204,0.4993908,0,0.5006092,0,0,0,688.0913,700.405,672.779
0.3211211,0.4993908,0,0.5006092,0,0,0,686.2587,699.1196,670.506
0.3218218,0.4993908,0,0.5006092,0,0,0,684.8329,698.0067,668.134
0.3225225,0.4993908,0,0.5006092,0,0,0,683.8163,696.9775,665.6537
0.3232232,0.4993908,0,0.5006092,0,0,0,683.3422,696.1426,663.106
0.3239239,0.4993908,0,0.5006092,0,0,0,683.5995,695.6531,660.4358
0.3246246,0.4993908,0,0.5006092,0,0,0,684.2596,696.1859,659.2153
0.3253253,0.4993908,0,0.5006092,0,0,0,684.758,695.8864,658.9726
0.326026,0.4993908,0,0.5006092,0,0,0,684.8304,696.302,659.9927
0.3267267,0.4993908,0,0.5006092,0,0,0,684.4972,695.4868,661.3059
0.3274274,0.4993908,0,0.5006092,0,0,0,684.3712,694.2899,662.7985
0.3281281,0.4993908,0,0.5006092,0,0,0,684.4027,693.6437,665.5298
0.3288288,0.4993908,0,0.5006092,0,0,0,683.8332,692.2164,667.9933
0.3295295,0.4993908,0,0.5006092,0,0,0,682.8063,690.7833,668.985
0.3302302,0.4993908,0,0.5006092,0,0,0,682.0304,691.6754,667.9703
0.3309309,0.4993908,0,0.5006092,0,0,0,681.0747,692.213,666.6582
0.3316316,0.4993908,0,0.5006092,0,0,0,679.4022,691.2152,665.1123
0.3323323,0.4993908,0,0.5006092,0,0,0,677.3116,689.0134,663.4148
0.333033,0.4993908,0,0.5006092,0,0,0,675.3133,686.5174,661.5969
0.3337337,0.4993908,0,0.5006092,0,0,0,673.9025,684.6111,659.6914
0.3344344,0.4993908,0,0.5006092,0,0,0,672.8239,682.8938,657.5875
0.3351351,0.4993908,0,0.5006092,0,0,0,671.8208,680.9022,655.2466
0.3358358,0.4993908,0,0.5006092,0,0,0,671.1432,679.0529,652.4552
0.3365365,0.4993908,0,0.5006092,0,0,0,671.0165,678.2391,648.7476
0.3372372,0.4993908,0,0.5006092,0,0,0,671.7892,679.6597,648.2541
0.3379379,0.4993908,0,0.5006092,0,0,0,671.2628,678.9797,649.7499
0.3386386,0.4993908,0,0.5006092,0,0,0,670.0408,677.0051,650.7217
0.3393393,0.4993908,0,0.5006092,0,0,0,667.4897,672.9066,651.553
0.34004,0.4993908,0,0.5006092,0,0,0,664.2168,668.3781,651.417
0.3407407,0.4993908,0,0.5006092,0,0,0,661.3149,667.1254,647.1181
0.3414414,0.4993908,0,0.5006092,0,0,0,658.9391,667.5615,642.8304
0.3421421,0.4993908,0,0.5006092,0,0,0,657.4339,669.0784,639.5498
0.3428428,0.4993908,0,0.5006092,0,0,0,655.4451,669.4439,636.7099
0.3435435,0.4993908,0,0.5006092,0,0,0,653.1231,668.7867,633.9006
0.3442442,0.4993908,0,0.5006092,0,0,0,651.053,667.9711,631.0565
0.3449449,0.4993908,0,0.5006092,0,0,0,649.2004,666.811,628.1347
0.3456456,0.4993908,0,0.5006092,0,0,0,647.8572,665.6699,625.2146
0.3463463,0.4993908,0,0.5006092,0,0,0,647.3308,664.9508,622.2795
0.347047,0.4993908,0,0.5006092,0,0,0,647.6737,664.5545,619.3069
0.3477477,0.4993908,0,0.5006092,0,0,0,647.9535,664.8,618.0646
0.3484484,0.4993908,0,0.5006092,0,0,0,648.2532,664.5578,617.1635
0.3491491,0.4993908,0,0.5006092,0,0,0,647.8598,662.6583,616.567
0.3498498,0.4993908,0,0.5006092,0,0,0,647.3216,662.1579,616.8834
0.3505505,0.4993908,0,0.5006092,0,0,0,646.7148,660.5771,617.5098
0.3512512,0.4993908,0,0.5006092,0,0,0,646.6077,659.3473,618.7121
0.3519519,0.4993908,0,0.5006092,0,0,0,646.4503,659.4232,620.6027
0.3526526,0.4993908,0,0.5006092,0,0,0,646.1105,658.4948,622.8982
0.3533533,0.4993908,0,0.5006092,0,0,0,645.8887,660.5668,623.1019
0.354054,0.4993908,0,0.5006092,0,0,0,645.479,661.4089,623.7773
0.3547547,0.4993908,0,0.5006092,0,0,0,644.3775,660.2066,624.4508
0.3554554,0.4993908,0,0.5006092,0,0,0,643.3399,658.3848,624.9426
0.3561561,0.4993908,0,0.5006092,0,0,0,642.6647,656.689,625.1665
0.3568568,0.4993908,0,0.5006092,0,0,0,642.13,654.9282,624.985
0.3575575,0.4993908,0,0.5006092,0,0,0,641.9354,653.5895,624.3059
0.3582582,0.4993908,0,0.5006092,0,0,0,642.2944,652.943,623.0813
0.3589589,0.4993908,0,0.5006092,0,0,0,642.1561,651.8996,622.35
0.3596596,0.4993908,0,0.5006092,0,0,0,642.61,652.2507,621.4511
0.3603603,0.4993908,0,0.5006092,0,0,0,642.4465,652.8614,619.8405
0.361061,0.4993908,0,0.5006092,0,0,0,640.0483,650.7103,617.7958
0.3617617,0.4993908,0,0.5006092,0,0,0,637.1173,647.3243,615.4294
0.3624624,0.4993908,0,0.5006092,0,0,0,633.7011,644.3819,612.6346
0.3631631,0.4993908,0,0.5006092,0,0,0,629.7455,640.2552,610.8054
0.3638638,0.4993908,0,0.5006092,0,0,0,626.1756,634.9243,610.8784
0.3645645,0.4993908,0,0.5006092,0,0,0,624.5276,635.4545,608.5476
0.3652652,0.4993908,0,0.5006092,0,0,0,623.4921,636.6876,606.4509
0.3659659,0.4993908,0,0.5006092,0,0,0,622.4867,637.4738,604.4954
0.3666666,0.4993908,0,0.5006092,0,0,0,621.4129,637.3949,602.6681
0.3673673,0.4993908,0,0.5006092,0,0,0,620.5143,636.7423,600.9908
0.368068,0.4993908,0,0.5006092,0,0,0,619.5401,634.9769,599.5175
0.3687687,0.4993908,0,0.5006092,0,0,0,618.2507,631.8665,598.227
0.3694694,0.4993908,0,0.5006092,0,0,0,616.6382,627.7351,597.0821
0.3701701,0.4993908,0,0.5006092,0,0,0,615.9408,626.445,596.3348
0.3708708,0.4993908,0,0.5006092,0,0,0,616.2807,626.0355,596.3666
0.3715715,0.4993908,0,0.5006092,0,0,0,617.6235,627.0514,597.0981
0.3722722,0.4993908,0,0.5006092,0,0,0,618.2707,627.9105,597.6985
0.3729729,0.4993908,0,0.5006092,0,0,0,617.9337,626.8604,598.1422
0.3736736,0.4993908,0,0.5006092,0,0,0,616.6427,625.6432,597.1651
0.3743743,0.4993908,0,0.5006092,0,0,0,615.568,625.6943,595.2765
0.375075,0.4993908,0,0.5006092,0,0,0,614.7381,626.5714,593.834
0.3757757,0.4993908,0,0.5006092,0,0,0,613.5948,627.5843,592.8581
0.3764764,0.4993908,0,0.5006092,0,0,0,612.1426,627.3739,592.1341
0.3771771,0.4993908,0,0.5006092,0,0,0,610.7603,626.3417,591.6452
0.3778778,0.4993908,0,0.5006092,0,0,0,609.7772,625.1092,591.3243
0.3785785,0.4993908,0,0.5006092,0,0,0,609.1245,623.7547,590.9905
0.3792792,0.4993908,0,0.5006092,0,0,0,608.5352,622.1047,590.3214
0.3799799,0.4993908,0,0.5006092,0,0,0,608.1888,620.6195,589.1819
0.3806806,0.4993908,0,0.5006092,0,0,0,607.7562,618.7996,587.3948
0.3813813,0.4993908,0,0.5006092,0,0,0,606.5117,617.6058,584.6549
0.382082,0.4993908,0,0.5006092,0,0,0,604.5703,615.6739,580.5693
0.3827827,0.4993908,0,0.5006092,0,0,0,601.6179,612.5526,578.1348
0.3834834,0.4993908,0,0.5006092,0,0,0,598.4485,608.7847,576.7519
0.3841841,0.4993908,0,0.5006092,0,0,0,595.9324,605.4655,575.2442
0.3848848,0.4993908,0,0.5006092,0,0,0,593.5569,602.7082,572.9343
0.3855855,0.4993908,0,0.5006092,0,0,0,591.4649,602.379,568.9198
0.3862862,0.4993908,0,0.5006092,0,0,0,589.2615,602.0268,565.5699
0.3869869,0.4993908,0,0.5006092,0,0,0,586.5574,601.1824,563.9928
0.3876876,0.4993908,0,0.5006092,0,0,0,583.7,599.156,562.7216
0.3883883,0.4993908,0,0.5006092,0,0,0,580.9798,596.477,561.4987
0.389089,0.4993908,0,0.5006092,0,0,0,579.0736,594.4301,560.2706
0.3897897,0.4993908,0,0.5006092,0,0,0,577.6142,592.4898,558.9843
0.3904904,0.4993908,0,0.5006092,0,0,0,576.9923,591.3567,557.6409
0.3911911,0.4993908,0,0.5006092,0,0,0,576.9385,590.4952,556.258
0.3918918,0.4993908,0,0.5006092,0,0,0,577.2116,589.412,554.9468
0.3925925,0.4993908,0,0.5006092,0,0,0,577.3849,588.4266,556.9343
0.3932932,0.4993908,0,0.5006092,0,0,0,577.1871,586.4838,558.335
0.3939939,0.4993908,0,0.5006092,0,0,0,576.5456,585.5026,558.5388
0.3946946,0.4993908,0,0.5006092,0,0,0,575.8457,585.1493,557.6129
0.3953953,0.4993908,0,0.5006092,0,0,0,574.8328,583.9874,556.3191
0.396096,0.4993908,0,0.5006092,0,0,0,574.006,584.7773,554.0681
0.3967967,0.4993908,0,0.5006092,0,0,0,571.9985,583.7738,551.6859
0.3974974,0.4993908,0,0.5006092,0,0,0,569.3221,581.315,549.095
0.3981981,0.4993908,0,0.5006092,0,0,0,566.6304,580.5405,546.7113
0.3988988,0.4993908,0,0.5006092,0,0,0,563.5411,578.6609,544.1147
0.3995995,0.4993908,0,0.5006092,0,0,0,560.4052,576.2334,541.226
0.4003002,0.4993908,0,0.5006092,0,0,0,557.1635,572.9754,538.1872
0.4010009,0.4993908,0,0.5006092,0,0,0,554.3851,569.6442,535.3098
0.4017016,0.4993908,0,0.5006092,0,0,0,552.2545,566.5267,532.7226
0.4024023,0.4993908,0,0.5006092,0,0,0,550.6615,563.4566,530.4809
0.403103,0.4993908,0,0.5006092,0,0,0,549.8422,560.8441,528.6111
0.4038037,0.4993908,0,0.5006092,0,0,0,550.1096,559.4711,526.8904
0.4045044,0.4993908,0,0.5006092,0,0,0,550.5676,560.0733,524.624
0.4052051,0.4993908,0,0.5006092,0,0,0,550.8452,561.9636,522.6088
0.4059058,0.4993908,0,0.5006092,0,0,0,550.305,562.2521,521.0965
0.4066065,0.4993908,0,0.5006092,0,0,0,549.6049,561.3907,520.1567
0.4073072,0.4993908,0,0.5006092,0,0,0,548.5671,559.0976,519.9578
0.4080079,0.4993908,0,0.5006092,0,0,0,547.6831,558.5812,518.9119
0.4087086,0.4993908,0,0.5006092,0,0,0,546.4689,560.0563,517.5028
0.4094093,0.4993908,0,0.5006092,0,0,0,544.2542,560.7262,516.1864
0.41011,0.4993908,0,0.5006092,0,0,0,541.0651,559.2375,514.7341
0.4108107,0.4993908,0,0.5006092,0,0,0,537.9462,557.1765,512.9482
0.4115114,0.4993908,0,0.5006092,0,0,0,535.3562,555.413,510.7685
0.4122121,0.4993908,0,0.5006092,0,0,0,533.3003,553.8469,508.3322
0.4129128,0.4993908,0,0.5006092,0,0,0,532.3908,553.4826,505.6904
0.4136135,0.4993908,0,0.5006092,0,0,0,532.2061,553.4822,502.6911
0.4143142,0.4993908,0,0.5006092,0,0,0,532.5568,553.3763,499.2289
0.4150149,0.4993908,0,0.5006092,0,0,0,532.5466,553.3738,496.1264
0.4157156,0.4993908,0,0.5006092,0,0,0,531.5522,551.8751,494.5051
0.4164163,0.4993908,0,0.5006092,0,0,0,528.9937,546.3842,493.1703
0.417117,0.4993908,0,0.5006092,0,0,0,526.3251,542.6839,494.3871
0.4178177,0.4993908,0,0.5006092,0,0,0,523.5489,538.1469,495.0066
0.4185184,0.4993908,0,0.5006092,0,0,0,521.0668,533.4494,495.4341
0.4192191,0.4993908,0,0.5006092,0,0,0,519.0782,533.0611,493.2624
0.4199198,0.4993908,0,0.5006092,0,0,0,518.7936,533.4023,492.8714
0.4206205,0.4993908,0,0.5006092,0,0,0,518.4897,535.1929,491.6719
0.4213212,0.4993908,0,0.5006092,0,0,0,516.4389,536.2377,488.9148
0.4220219,0.4993908,0,0.5006092,0,0,0,513.2752,534.5023,486.2994
0.4227226,0.4993908,0,0.5006092,0,0,0,509.9852,531.3968,483.8195
0.4234233,0.4993908,0,0.5006092,0,0,0,507.7447,528.8888,481.6405
0.424124,0.4993908,0,0.5006092,0,0,0,506.084,526.1212,479.8368
0.4248247,0.4993908,0,0.5006092,0,0,0,505.4562,523.9833,478.3859
0.4255255,0.4993908,0,0.5006092,0,0,0,505.2413,521.5923,477.0975
0.4262262,0.4993908,0,0.5006092,0,0,0,505.3915,521.9343,475.5754
0.4269269,0.4993908,0,0.5006092,0,0,0,506.1842,522.6651,474.3253
0.4276276,0.4993908,0,0.5006092,0,0,0,505.7271,521.2393,474.2042
0.4283283,0.4993908,0,0.5006092,0,0,0,504.1818,519.2077,474.7424
0.429029,0.4993908,0,0.5006092,0,0,0,502.3674,516.6434,473.891
0.4297297,0.4993908,0,0.5006092,0,0,0,500.4261,515.3421,470.6159
0.4304304,0.4993908,0,0.5006092,0,0,0,499.3779,517.9116,465.76
0.4311311,0.4993908,0,0.5006092,0,0,0,497.2765,517.3064,461.5909
0.4318318,0.4993908,0,0.5006092,0,0,0,493.8839,516.1492,459.9701
0.4325325,0.4993908,0,0.5006092,0,0,0,490.615,514.6216,458.3806
0.4332332,0.4993908,0,0.5006092,0,0,0,487.5697,512.4804,456.5392
0.4339339,0.4993908,0,0.5006092,0,0,0,485.2652,510.4779,454.6375
0.4346346,0.4993908,0,0.5006092,0,0,0,483.4077,507.8588,452.9773
0.4353353,0.4993908,0,0.5006092,0,0,0,481.8916,504.4416,451.6712
0.436036,0.4993908,0,0.5006092,0,0,0,481.1619,501.1224,450.8289
0.4367367,0.4993908,0,0.5006092,0,0,0,480.5251,496.9405,450.6359
0.4374374,0.4993908,0,0.5006092,0,0,0,480.1509,492.3677,451.5891
0.4381381,0.4993908,0,0.5006092,0,0,0,480.2364,487.9738,454.7265
0.4388388,0.4993908,0,0.5006092,0,0,0,481.4652,487.9229,455.4084
0.4395395,0.4993908,0,0.5006092,0,0,0,482.9711,491.6803,452.3041
0.4402402,0.4993908,0,0.5006092,0,0,0,483.4402,493.2786,450.6892
0.4409409,0.4993908,0,0.5006092,0,0,0,482.8203,492.6768,449.7494
0.4416416,0.4993908,0,0.5006092,0,0,0,481.1826,489.9562,449.1304
0.4423423,0.4993908,0,0.5006092,0,0,0,478.7141,486.2403,448.8732
0.443043,0.4993908,0,0.5006092,0,0,0,476.792,486.7234,447.5191
0.4437437,0.4993908,0,0.5006092,0,0,0,475.4083,489.3139,445.4401
0.4444444,0.4993908,0,0.5006092,0,0,0,473.4481,490.7196,443.7216
0.4451451,0.4993908,0,0.5006092,0,0,0,470.7299,490.4958,441.8532
0.4458458,0.4993908,0,0.5006092,0,0,0,467.7037,489.2202,439.5589
0.4465465,0.4993908,0,0.5006092,0,0,0,464.394,486.9194,436.6201
0.4472472,0.4993908,0,0.5006092,0,0,0,461.2769,484.231,433.2292
0.4479479,0.4993908,0,0.5006092,0,0,0,458.1068,480.6642,429.4289
0.4486486,0.4993908,0,0.5006092,0,0,0,454.1481,474.9694,425.1789
0.4493493,0.4993908,0,0.5006092,0,0,0,449.5348,467.7902,420.2192
0.45005,0.4993908,0,0.5006092,0,0,0,444.5324,463.2805,414.34
0.4507507,0.4993908,0,0.5006092,0,0,0,440.8679,460.4874,407.6439
0.4514514,0.4993908,0,0.5006092,0,0,0,438.2726,458.4455,399.5469
0.4521521,0.4993908,0,0.5006092,0,0,0,436.038,456.6051,398.2944
0.4528528,0.4993908,0,0.5006092,0,0,0,433.3236,452.4496,397.855
0.4535535,0.4993908,0,0.5006092,0,0,0,430.2786,448.4987,396.6865
0.4542542,0.4993908,0,0.5006092,0,0,0,427.9009,448.4345,393.6465
0.4549549,0.4993908,0,0.5006092,0,0,0,426.8128,447.7748,392.6478
0.4556556,0.4993908,0,0.5006092,0,0,0,425.8789,448.7117,391.0916
0.4563563,0.4993908,0,0.5006092,0,0,0,424.3,451.514,387.6552
0.457057,0.4993908,0,0.5006092,0,0,0,422.2129,452.7322,384.0176
0.4577577,0.4993908,0,0.5006092,0,0,0,420.6978,453.8653,380.0794
0.4584584,0.4993908,0,0.5006092,0,0,0,419.5609,454.472,375.6574
0.4591591,0.4993908,0,0.5006092,0,0,0,418.7279,454.122,370.6549
0.4598598,0.4993908,0,0.5006092,0,0,0,417.7071,451.8237,365.022
0.4605605,0.4993908,0,0.5006092,0,0,0,416.1853,450.9603,361.8598
0.4612612,0.4993908,0,0.5006092,0,0,0,413.8777,447.3257,359.9084
0.4619619,0.4993908,0,0.5006092,0,0,0,410.8192,439.8471,358.2759
0.4626626,0.4993908,0,0.5006092,0,0,0,408.7171,435.3749,360.7362
0.4633633,0.4993908,0,0.5006092,0,0,0,407.1592,431.3869,363.5557
0.464064,0.4993908,0,0.5006092,0,0,0,406.0927,428.1991,365.8865
0.4647647,0.4993908,0,0.5006092,0,0,0,405.3779,429.1015,366.9874
0.4654654,0.4993908,0,0.5006092,0,0,0,404.2297,426.6933,369.0996
0.4661661,0.4993908,0,0.5006092,0,0,0,402.967,423.4279,371.2917
0.4668668,0.4993908,0,0.5006092,0,0,0,401.7128,425.9802,368.693
0.4675675,0.4993908,0,0.5006092,0,0,0,400.1373,427.2013,366.0654
0.4682682,0.4993908,0,0.5006092,0,0,0,398.3967,427.0348,363.3105
0.4689689,0.4993908,0,0.5006092,0,0,0,396.9939,426.2329,360.4097
0.4696696,0.4993908,0,0.5006092,0,0,0,395.9588,424.6515,357.3493
0.4703703,0.4993908,0,0.5006092,0,0,0,395.8105,423.3546,353.8782
0.471071,0.4993908,0,0.5006092,0,0,0,395.2549,422.5862,353.3359
0.4717717,0.4993908,0,0.5006092,0,0,0,393.3014,418.7955,353.0697
0.4724724,0.4993908,0,0.5006092,0,0,0,390.1597,411.9831,351.7959
0.4731731,0.4993908,0,0.5006092,0,0,0,386.6626,406.7733,350.8404
0.4738738,0.4993908,0,0.5006092,0,0,0,383.0969,402.1186,349.3185
0.4745745,0.4993908,0,0.5006092,0,0,0,379.4406,397.6913,346.5471
0.4752752,0.4993908,0,0.5006092,0,0,0,376.0631,397.5643,341.7355
0.4759759,0.4993908,0,0.5006092,0,0,0,373.0582,395.74,338.1586
0.4766766,0.4993908,0,0.5006092,0,0,0,370.2209,392.4739,335.6085
0.4773773,0.4993908,0,0.5006092,0,0,0,367.4777,393.4558,332.0149
0.478078,0.4993908,0,0.5006092,0,0,0,364.0754,391.8251,329.0729
0.4787787,0.4993908,0,0.5006092,0,0,0,361.56,390.1966,326.4445
0.4794794,0.4993908,0,0.5006092,0,0,0,359.8714,388.5373,323.9864
0.4801801,0.4993908,0,0.5006092,0,0,0,358.9934,386.7857,321.6353
0.4808808,0.4993908,0,0.5006092,0,0,0,358.9195,385.0016,319.3223
0.4815815,0.4993908,0,0.5006092,0,0,0,359.3744,382.7196,317.0786
0.4822822,0.4993908,0,0.5006092,0,0,0,359.3569,379.6716,315.0657
0.4829829,0.4993908,0,0.5006092,0,0,0,357.1886,375.7939,313.5735
0.4836836,0.4993908,0,0.5006092,0,0,0,355.3496,374.0807,312.5319
0.4843843,0.4993908,0,0.5006092,0,0,0,353.9127,373.2414,311.7988
0.485085,0.4993908,0,0.5006092,0,0,0,352.5127,371.2697,311.2028
0.4857857,0.4993908,0,0.5006092,0,0,0,351.6315,369.2769,310.7793
0.4864864,0.4993908,0,0.5006092,0,0,0,350.0986,369.2683,310.5817
0.4871871,0.4993908,0,0.5006092,0,0,0,348.5238,367.9123,310.6747
0.4878878,0.4993908,0,0.5006092,0,0,0,346.9536,369.9759,310.3589
0.4885885,0.4993908,0,0.5006092,0,0,0,344.8982,370.1844,310.1478
0.4892892,0.4993908,0,0.5006092,0,0,0,343.1482,369.6749,309.992
0.4899899,0.4993908,0,0.5006092,0,0,0,341.1942,367.4398,309.7936
0.4906906,0.4993908,0,0.5006092,0,0,0,339.837,365.0474,309.4849
0.4913913,0.4993908,0,0.5006092,0,0,0,338.6094,361.9514,308.9288
0.492092,0.4993908,0,0.5006092,0,0,0,337.8904,358.9529,308.177
0.4927927,0.4993908,0,0.5006092,0,0,0,337.153,355.1709,307.3337
0.4934934,0.4993908,0,0.5006092,0,0,0,336.1101,352.7301,307.2145
0.4941941,0.4993908,0,0.5006092,0,0,0,335.4842,350.7696,307.1502
0.4948948,0.4993908,0,0.5006092,0,0,0,334.3241,347.5341,307.0577
0.4955955,0.4993908,0,0.5006092,0,0,0,332.4059,345.4097,306.503
0.4962962,0.4993908,0,0.5006092,0,0,0,331.068,343.4075,305.9913
0.4969969,0.4993908,0,0.5006092,0,0,0,329.5449,340.4962,305.545
0.4976976,0.4993908,0,0.5006092,0,0,0,327.4264,336.2963,305.1547
0.4983983,0.4993908,0,0.5006092,0,0,0,324.6122,331.0003,304.8147
0.499099,0.4993908,0,0.5006092,0,0,0,320.1456,325.4278,304.159
0.4997997,0.4993908,0,0.5006092,0,0,0,312.4174,315.3165,303.5923
0.5005004,0.4993908,0,0.5006092,0,0,0,305.1377,305.7721,303.13
0.5012011,0.4993908,0,0.5006092,0,0,0,302.0025,301.7852,302.7428
0.5019018,0.4993908,0,0.5006092,0,0,0,300.6712,300.2146,302.4143
0.5026025,0.4993908,0,0.5006092,0,0,0,300.4136,300.0304,302.1346
0.5033032,0.4993908,0,0.5006092,0,0,0,300.2965,300.0141,301.8897
0.5040039,0.4993908,0,0.5006092,0,0,0,300.1939,300.0053,301.6722
0.5047046,0.4993908,0,0.5006092,0,0,0,300.107,300.0047,301.4885
0.5054053,0.4993908,0,0.5006092,0,0,0,300.0299,300.0044,301.3185
0.506106,0.4993908,0,0.5006092,0,0,0,299.9995,299.9995,0
0.5068067,0.4993908,0,0.5006092,0,0,0,299.9999,299.9999,0
0.5075074,0.4993908,0,0.5006092,0,0,0,300.0001,300.0001,0
0.5082081,0.4993908,0,0.5006092,0,0,0,300.0002,300.0002,0
0.5089088,0.4993908,0,0.5006092,0,0,0,300.0002,300.0002,0
0.5096095,0.4993908,0,0.5006092,0,0,0,300.0002,300.0002,0
0.5103102,0.4993908,0,0.5006092,0,0,0,300.0003,300.0003,0
0.5110109,0.4993908,0,0.5006092,0,0,0,300.0003,300.0003,0
0.5117116,0.4993908,0,0.5006092,0,0,0,300.0002,300.0002,0
0.5124123,0.4993908,0,0.5006092,0,0,0,300.0002,300.0002,0
0.513113,0.4993908,0,0.5006092,0,0,0,300.0002,300.0002,0
0.5138137,0.4993908,0,0.5006092,0,0,0,300.0002,300.0002,0
0.5145144,0.4993908,0,0.5006092,0,0,0,300.0002,300.0002,0
0.5152151,0.4993908,0,0.5006092,0,0,0,300.0001,300.0001,0
0.5159158,0.4993908,0,0.5006092,0,0,0,300.0001,300.0001,0
0.5166165,0.4993908,0,0.5006092,0,0,0,300,300,0
0.5173172,0.4993908,0,0.5006092,0,0,0,300,300,0
0.5180179,0.4993908,0,0.5006092,0,0,0,299.9999,299.9999,0
0.5187186,0.4993908,0,0.5006092,0,0,0,299.9999,299.9999,0
0.5194193,0.4993908,0,0.5006092,0,0,0,299.9998,299.9998,0
0.52012,0.4993908,0,0.5006092,0,0,0,299.9998,299.9998,0
0.5208207,0.4993908,0,0.5006092,0,0,0,299.9997,299.9997,0
0.5215214,0.4993908,0,0.5006092,0,0,0,299.9997,299.9997,0
0.5222221,0.4993908,0,0.5006092,0,0,0,299.9997,299.9997,0
0.5229228,0.4993908,0,0.5006092,0,0,0,299.9996,299.9996,0
0.5236235,0.4993908,0,0.5006092,0,0,0,299.9996,299.9996,0
0.5243242,0.4993908,0,0.5006092,0,0,0,299.9996,299.9996,0
0.5250249,0.4993908,0,0.5006092,0,0,0,299.9996,299.9996,0
0.5257256,0.4993908,0,0.5006092,0,0,0,299.9996,299.9996,0
0.5264263,0.4993908,0,0.5006092,0,0,0,299.9996,299.9996,0
0.527127,0.4993908,0,0.5006092,0,0,0,299.9996,299.9996,0
0.5278277,0.4993908,0,0.5006092,0,0,0,299.9997,299.9997,0
0.5285284,0.4993908,0,0.5006092,0,0,0,299.9997,299.9997,0
0.5292291,0.4993908,0,0.5006092,0,0,0,299.9997,299.9997,0
0.5299298,0.4993908,0,0.5006092,0,0,0,299.9998,299.9998,0
0.5306305,0.4993908,0,0.5006092,0,0,0,299.9999,299.9999,0
0.5313312,0.4993908,0,0.5006092,0,0,0,300,300,0
0.5320319,0.4993908,0,0.5006092,0,0,0,300.0001,300.0001,0
0.5327326,0.4993908,0,0.5006092,0,0,0,300.0002,300.0002,0
0.5334333,0.4993908,0,0.5006092,0,0,0,300.0004,300.0004,0
0.534134,0.4993908,0,0.5006092,0,0,0,300.0005,300.0005,0
0.5348347,0.4993908,0,0.5006092,0,0,0,300.0007,300.0007,0
0.5355354,0.4993908,0,0.5006092,0,0,0,300.0009,300.0009,0
0.5362361,0.4993908,0,0.5006092,0,0,0,300.0011,300.0011,0
0.5369368,0.4993908,0,0.5006092,0,0,0,300.0013,300.0013,0
0.5376375,0.4993908,0,0.5006092,0,0,0,300.0016,300.0016,0
0.5383382,0.4993908,0,0.5006092,0,0,0,300.0019,300.0019,0
0.5390389,0.4993908,0,0.5006092,0,0,0,300.0022,300.0022,0
0.5397396,0.4993908,0,0.5006092,0,0,0,300.0025,300.0025,0
0.5404403,0.4993908,0,0.5006092,0,0,0,300.0029,300.0029,0
0.541141,0.4993908,0,0.5006092,0,0,0,300.0032,300.0032,0
0.5418418,0.4993908,0,0.5006092,0,0,0,300.0036,300.0036,0
0.5425425,0.4993908,0,0.5006092,0,0,0,300.004,300.004,0
0.5432432,0.4993908,0,0.5006092,0,0,0,300.0044,300.0044,0
0.5439439,0.4993908,0,0.5006092,0,0,0,300.0048,300.0048,0
0.5446446,0.4993908,0,0.5006092,0,0,0,300.0052,300.0052,0
0.5453453,0.4993908,0,0.5006092,0,0,0,300.0056,300.0056,0
0.546046,0.4993908,0,0.5006092,0,0,0,300.006,300.006,0
0.5467467,0.4993908,0,0.5006092,0,0,0,300.0064,300.0064,0
0.5474474,0.4993908,0,0.5006092,0,0,0,300.0069,300.0069,0
0.5481481,0.4993908,0,0.5006092,0,0,0,300.0073,300.0073,0
0.5488488,0.4993908,0,0.5006092,0,0,0,300.0077,300.0077,0
0.5495495,0.4993908,0,0.5006092,0,0,0,300.0081,300.0081,0
0.5502502,0.4993908,0,0.5006092,0,0,0,300.0086,300.0086,0
0.5509509,0.4993908,0,0.5006092,0,0,0,300.0089,300.0089,0
0.5516516,0.4993908,0,0.5006092,0,0,0,300.0093,300.0093,0
0.5523523,0.4993908,0,0.5006092,0,0,0,300.0097,300.0097,0
0.553053,0.4993908,0,0.5006092,0,0,0,300.0101,300.0101,0
0.5537537,0.4993908,0,0.5006092,0,0,0,300.0104,300.0104,0
0.5544544,0.4993908,0,0.5006092,0,0,0,300.0107,300.0107,0
0.5551551,0.4993908,0,0.5006092,0,0,0,300.0109,300.0109,0
0.5558558,0.4993908,0,0.5006092,0,0,0,300.0112,300.0112,0
0.5565565,0.4993908,0,0.5006092,0,0,0,300.0114,300.0114,0
0.5572572,0.4993908,0,0.5006092,0,0,0,300.0115,300.0115,0
0.5579579,0.4993908,0,0.5006092,0,0,0,300.0116,300.0116,0
0.5586586,0.4993908,0,0.5006092,0,0,0,300.0117,300.0117,0
0.5593593,0.4993908,0,0.5006092,0,0,0,300.0117,300.0117,0
0.56006,0.4993908,0,0.5006092,0,0,0,300.0118,300.0118,0
0.5607607,0.4993908,0,0.5006092,0,0,0,300.0117,300.0117,0
0.5614614,0.4993908,0,0.5006092,0,0,0,300.0116,300.0116,0
0.5621621,0.4993908,0,0.5006092,0,0,0,300.0115,300.0115,0
0.5628628,0.4993908,0,0.5006092,0,0,0,300.0113,300.0113,0
0.5635635,0.4993908,0,0.5006092,0,0,0,300.0111,300.0111,0
0.5642642,0.4993908,0,0.5006092,0,0,0,300.0108,300.0108,0
0.5649649,0.4993908,0,0.5006092,0,0,0,300.0105,300.0105,0
0.5656656,0.4993908,0,0.5006092,0,0,0,300.0101,300.0101,0
0.5663663,0.4993908,0,0.5006092,0,0,0,300.0098,300.0098,0
0.567067,0.4993908,0,0.5006092,0,0,0,300.0094,300.0094,0
0.5677677,0.4993908,0,0.5006092,0,0,0,300.0089,300.0089,0
0.5684684,0.4993908,0,0.5006092,0,0,0,300.0084,300.0084,0
0.5691691,0.4993908,0,0.5006092,0,0,0,300.0079,300.0079,0
0.5698698,0.4993908,0,0.5006092,0,0,0,300.0073,300.0073,0
0.5705705,0.4993908,0,0.5006092,0,0,0,300.0068,300.0068,0
0.5712712,0.4993908,0,0.5006092,0,0,0,300.0062,300.0062,0
0.5719719,0.4993908,0,0.5006092,0,0,0,300.0056,300.0056,0
0.5726726,0.4993908,0,0.5006092,0,0,0,300.0051,300.0051,0
0.5733733,0.4993908,0,0.5006092,0,0,0,300.0046,300.0046,0
0.574074,0.4993908,0,0.5006092,0,0,0,300.004,300.004,0
0.5747747,0.4993908,0,0.5006092,0,0,0,300.0035,300.0035,0
0.5754754,0.4993908,0,0.5006092,0,0,0,300.003,300.003,0
0.5761761,0.4993908,0,0.5006092,0,0,0,300.0025,300.0025,0
0.5768768,0.4993908,0,0.5006092,0,0,0,300.002,300.002,0
0.5775775,0.4993908,0,0.5006092,0,0,0,300.0016,300.0016,0
0.5782782,0.4993908,0,0.5006092,0,0,0,300.0013,300.0013,0
0.5789789,0.4993908,0,0.5006092,0,0,0,300.001,300.001,0
0.5796796,0.4993908,0,0.5006092,0,0,0,300.0008,300.0008,0
0.5803803,0.4993908,0,0.5006092,0,0,0,300.0006,300.0006,0
0.581081,0.4993908,0,0.5006092,0,0,0,300.0004,300.0004,0
0.5817817,0.4993908,0,0.5006092,0,0,0,300.0003,300.0003,0
0.5824824,0.4993908,0,0.5006092,0,0,0,300.0003,300.0003,0
0.5831831,0.4993908,0,0.5006092,0,0,0,300.0003,300.0003,0
0.5838838,0.4993908,0,0.5006092,0,0,0,300.0003,300.0003,0
0.5845845,0.4993908,0,0.5006092,0,0,0,300.0004,300.0004,0
0.5852852,0.4993908,0,0.5006092,0,0,0,300.0005,300.0005,0
0.5859859,0.4993908,0,0.5006092,0,0,0,300.0006,300.0006,0
0.5866866,0.4993908,0,0.5006092,0,0,0,300.0007,300.0007,0
0.5873873,0.4993908,0,0.5006092,0,0,0,300.0008,300.0008,0
0.588088,0.4993908,0,0.5006092,0,0,0,300.0009,300.0009,0
0.5887887,0.4993908,0,0.5006092,0,0,0,300.001,300.001,0
0.5894894,0.4993908,0,0.5006092,0,0,0,300.0011,300.0011,0
0.5901901,0.4993908,0,0.5006092,0,0,0,300.0012,300.0012,0
0.5908908,0.4993908,0,0.5006092,0,0,0,300.0012,300.0012,0
0.5915915,0.4993908,0,0.5006092,0,0,0,300.0012,300.0012,0
0.5922922,0.4993908,0,0.5006092,0,0,0,300.0013,300.0013,0
0.5929929,0.4993908,0,0.5006092,0,0,0,300.0013,300.0013,0
0.5936936,0.4993908,0,0.5006092,0,0,0,300.0012,300.0012,0
0.5943943,0.4993908,0,0.5006092,0,0,0,300.0012,300.0012,0
0.595095,0.4993908,0,0.5006092,0,0,0,300.0012,300.0012,0
0.5957957,0.4993908,0,0.5006092,0,0,0,300.0011,300.0011,0
0.5964964,0.4993908,0,0.5006092,0,0,0,300.001,300.001,0
0.5971971,0.4993908,0,0.5006092,0,0,0,300.0009,300.0009,0
0.5978978,0.4993908,0,0.5006092,0,0,0,300.0008,300.0008,0
0.5985985,0.4993908,0,0.5006092,0,0,0,300.0007,300.0007,0
0.5992992,0.4993908,0,0.5006092,0,0,0,300.0005,300.0005,0
0.5999999,0.4993908,0,0.5006092,0,0,0,300.0004,300.0004,0
